Ticker,Date/Time,Open,High,Low,Close,Volume,Open Interest,Date
NIFTYWK17150CE,11-03-2022 09:15:00,49.4,49.4,24.4,29.35,48800,420850,2022-03-11
NIFTYWK17150CE,11-03-2022 09:16:00,29.0,30.5,28.95,29.8,45300,420850,2022-03-11
NIFTYWK17150CE,11-03-2022 09:17:00,29.65,30.5,29.1,30.5,26100,435800,2022-03-11
NIFTYWK17150CE,11-03-2022 09:18:00,30.3,32.15,30.1,31.85,54000,435800,2022-03-11
NIFTYWK17150CE,11-03-2022 09:19:00,31.8,34.25,31.8,34.0,50350,435800,2022-03-11
NIFTYWK17150CE,11-03-2022 09:20:00,34.0,35.9,33.2,35.1,254250,466350,2022-03-11
NIFTYWK17150CE,11-03-2022 09:21:00,35.2,37.15,34.5,36.7,39550,466350,2022-03-11
NIFTYWK17150CE,11-03-2022 09:22:00,36.55,37.2,34.5,36.0,27450,466350,2022-03-11
NIFTYWK17150CE,11-03-2022 09:23:00,35.25,36.5,34.8,36.4,13850,559950,2022-03-11
NIFTYWK17150CE,11-03-2022 09:24:00,36.5,38.0,35.65,37.45,29550,559950,2022-03-11
NIFTYWK17150CE,11-03-2022 09:25:00,37.65,39.0,37.25,38.5,35700,559950,2022-03-11
NIFTYWK17150CE,11-03-2022 09:26:00,38.6,41.2,38.35,41.0,48100,568950,2022-03-11
NIFTYWK17150CE,11-03-2022 09:27:00,41.2,41.5,38.3,38.6,33300,568950,2022-03-11
NIFTYWK17150CE,11-03-2022 09:28:00,38.65,40.9,37.45,40.8,17600,568950,2022-03-11
NIFTYWK17150CE,11-03-2022 09:29:00,40.8,45.6,40.8,45.6,48200,566100,2022-03-11
NIFTYWK17150CE,11-03-2022 09:30:00,45.75,49.4,45.75,48.4,52300,566100,2022-03-11
NIFTYWK17150CE,11-03-2022 09:31:00,48.9,53.6,48.4,49.8,43500,566100,2022-03-11
NIFTYWK17150CE,11-03-2022 09:32:00,49.5,53.3,49.5,52.0,32850,568800,2022-03-11
NIFTYWK17150CE,11-03-2022 09:33:00,52.25,52.65,49.8,51.35,24850,568800,2022-03-11
NIFTYWK17150CE,11-03-2022 09:34:00,51.4,52.2,48.65,49.7,20300,568800,2022-03-11
NIFTYWK17150CE,11-03-2022 09:35:00,49.95,52.3,49.85,50.6,24100,568550,2022-03-11
NIFTYWK17150CE,11-03-2022 09:36:00,50.6,51.15,49.3,50.65,21850,568550,2022-03-11
NIFTYWK17150CE,11-03-2022 09:37:00,50.75,55.0,50.7,53.85,30450,568550,2022-03-11
NIFTYWK17150CE,11-03-2022 09:38:00,53.75,55.55,53.4,53.8,50100,570400,2022-03-11
NIFTYWK17150CE,11-03-2022 09:39:00,54.0,55.4,53.5,54.15,21400,570400,2022-03-11
NIFTYWK17150CE,11-03-2022 09:40:00,54.55,58.5,54.3,56.5,51450,570400,2022-03-11
NIFTYWK17150CE,11-03-2022 09:41:00,56.6,56.6,50.65,53.3,46550,584500,2022-03-11
NIFTYWK17150CE,11-03-2022 09:42:00,53.2,54.95,53.1,53.45,14700,584500,2022-03-11
NIFTYWK17150CE,11-03-2022 09:43:00,53.15,53.75,51.8,52.65,17800,584500,2022-03-11
NIFTYWK17150CE,11-03-2022 09:44:00,52.65,52.9,51.0,51.15,21550,592350,2022-03-11
NIFTYWK17150CE,11-03-2022 09:45:00,51.4,53.2,46.65,47.05,50000,592350,2022-03-11
NIFTYWK17150CE,11-03-2022 09:46:00,47.4,51.9,47.4,51.75,28550,592350,2022-03-11
NIFTYWK17150CE,11-03-2022 09:47:00,51.95,53.5,51.65,52.6,31600,585600,2022-03-11
NIFTYWK17150CE,11-03-2022 09:48:00,52.7,53.35,51.4,51.7,16650,585600,2022-03-11
NIFTYWK17150CE,11-03-2022 09:49:00,51.8,52.3,50.3,50.5,13500,585600,2022-03-11
NIFTYWK17150CE,11-03-2022 09:50:00,50.6,51.2,47.5,47.5,19300,598850,2022-03-11
NIFTYWK17150CE,11-03-2022 09:51:00,47.05,51.2,46.85,51.0,24150,598850,2022-03-11
NIFTYWK17150CE,11-03-2022 09:52:00,51.05,54.25,50.65,54.25,22250,598850,2022-03-11
NIFTYWK17150CE,11-03-2022 09:53:00,54.3,55.95,54.2,55.55,34650,606550,2022-03-11
NIFTYWK17150CE,11-03-2022 09:54:00,55.65,56.25,54.75,55.4,23850,606550,2022-03-11
NIFTYWK17150CE,11-03-2022 09:55:00,55.4,56.9,54.0,54.2,40650,606550,2022-03-11
NIFTYWK17150CE,11-03-2022 09:56:00,54.0,56.1,53.55,55.35,22700,619050,2022-03-11
NIFTYWK17150CE,11-03-2022 09:57:00,55.0,55.6,53.9,55.4,18350,619050,2022-03-11
NIFTYWK17150CE,11-03-2022 09:58:00,55.35,56.2,54.3,55.5,23250,619050,2022-03-11
NIFTYWK17150CE,11-03-2022 09:59:00,55.1,55.1,53.0,54.2,14050,634250,2022-03-11
NIFTYWK17150CE,11-03-2022 10:00:00,54.25,55.5,52.55,54.2,14500,634250,2022-03-11
NIFTYWK17150CE,11-03-2022 10:01:00,54.0,54.1,50.45,52.25,18350,634250,2022-03-11
NIFTYWK17150CE,11-03-2022 10:02:00,52.55,56.0,52.5,55.8,19150,638700,2022-03-11
NIFTYWK17150CE,11-03-2022 10:03:00,55.95,57.35,55.9,56.6,29050,638700,2022-03-11
NIFTYWK17150CE,11-03-2022 10:04:00,56.55,56.7,54.75,54.75,16200,638700,2022-03-11
NIFTYWK17150CE,11-03-2022 10:05:00,54.3,55.35,53.1,54.95,18450,646500,2022-03-11
NIFTYWK17150CE,11-03-2022 10:06:00,55.2,56.35,55.2,55.35,9350,646500,2022-03-11
NIFTYWK17150CE,11-03-2022 10:07:00,55.6,55.8,53.7,55.7,6550,646500,2022-03-11
NIFTYWK17150CE,11-03-2022 10:08:00,55.55,55.65,53.7,54.5,6200,645300,2022-03-11
NIFTYWK17150CE,11-03-2022 10:09:00,54.25,54.25,52.5,52.55,8750,645300,2022-03-11
NIFTYWK17150CE,11-03-2022 10:10:00,52.75,53.75,50.5,50.55,16150,645300,2022-03-11
NIFTYWK17150CE,11-03-2022 10:11:00,50.8,51.1,47.6,47.9,37650,647650,2022-03-11
NIFTYWK17150CE,11-03-2022 10:12:00,47.9,50.65,47.35,49.45,17250,647650,2022-03-11
NIFTYWK17150CE,11-03-2022 10:13:00,49.2,49.8,48.0,48.3,9150,647650,2022-03-11
NIFTYWK17150CE,11-03-2022 10:14:00,48.4,50.35,47.5,49.2,8150,657550,2022-03-11
NIFTYWK17150CE,11-03-2022 10:15:00,49.2,49.25,45.45,47.6,26200,657550,2022-03-11
NIFTYWK17150CE,11-03-2022 10:16:00,47.3,48.0,46.05,46.9,15800,657550,2022-03-11
NIFTYWK17150CE,11-03-2022 10:17:00,47.0,50.85,47.0,49.9,25700,655000,2022-03-11
NIFTYWK17150CE,11-03-2022 10:18:00,50.2,50.55,47.95,48.05,21950,655000,2022-03-11
NIFTYWK17150CE,11-03-2022 10:19:00,48.0,49.5,47.05,49.25,7900,655000,2022-03-11
NIFTYWK17150CE,11-03-2022 10:20:00,49.55,49.55,47.75,48.45,10250,665200,2022-03-11
NIFTYWK17150CE,11-03-2022 10:21:00,48.0,48.85,47.55,47.6,7450,665200,2022-03-11
NIFTYWK17150CE,11-03-2022 10:22:00,47.6,48.1,46.3,46.5,11300,665200,2022-03-11
NIFTYWK17150CE,11-03-2022 10:23:00,46.55,46.65,43.2,44.7,33450,664500,2022-03-11
NIFTYWK17150CE,11-03-2022 10:24:00,44.55,44.7,41.9,42.55,20100,664500,2022-03-11
NIFTYWK17150CE,11-03-2022 10:25:00,42.3,42.65,39.35,41.1,38500,664500,2022-03-11
NIFTYWK17150CE,11-03-2022 10:26:00,41.1,42.0,39.75,41.85,24250,662850,2022-03-11
NIFTYWK17150CE,11-03-2022 10:27:00,41.85,43.0,41.45,41.9,22350,662850,2022-03-11
NIFTYWK17150CE,11-03-2022 10:28:00,41.4,44.7,41.4,43.95,26500,662850,2022-03-11
NIFTYWK17150CE,11-03-2022 10:29:00,43.85,44.6,40.95,41.1,28150,686200,2022-03-11
NIFTYWK17150CE,11-03-2022 10:30:00,41.35,42.75,39.7,42.45,30800,686200,2022-03-11
NIFTYWK17150CE,11-03-2022 10:31:00,42.1,42.4,41.2,41.75,19500,686200,2022-03-11
NIFTYWK17150CE,11-03-2022 10:32:00,42.0,44.2,41.9,43.85,14400,673650,2022-03-11
NIFTYWK17150CE,11-03-2022 10:33:00,43.85,44.2,42.0,43.2,12850,673650,2022-03-11
NIFTYWK17150CE,11-03-2022 10:34:00,43.9,46.55,43.6,46.35,14100,673650,2022-03-11
NIFTYWK17150CE,11-03-2022 10:35:00,46.35,46.35,42.1,42.15,16650,680000,2022-03-11
NIFTYWK17150CE,11-03-2022 10:36:00,42.15,42.4,38.75,40.1,37850,680000,2022-03-11
NIFTYWK17150CE,11-03-2022 10:37:00,40.0,41.25,39.2,40.3,13950,680000,2022-03-11
NIFTYWK17150CE,11-03-2022 10:38:00,40.45,40.5,38.95,39.6,14250,681750,2022-03-11
NIFTYWK17150CE,11-03-2022 10:39:00,39.5,39.75,38.0,39.0,38400,681750,2022-03-11
NIFTYWK17150CE,11-03-2022 10:40:00,38.75,39.95,37.7,39.8,17400,681750,2022-03-11
NIFTYWK17150CE,11-03-2022 10:41:00,39.8,40.5,37.9,38.0,17800,670650,2022-03-11
NIFTYWK17150CE,11-03-2022 10:42:00,38.0,39.0,36.9,37.85,21550,670650,2022-03-11
NIFTYWK17150CE,11-03-2022 10:43:00,38.05,40.55,38.05,39.4,12650,670650,2022-03-11
NIFTYWK17150CE,11-03-2022 10:44:00,39.65,41.25,39.15,41.0,15700,674100,2022-03-11
NIFTYWK17150CE,11-03-2022 10:45:00,40.5,42.0,38.3,42.0,15300,674100,2022-03-11
NIFTYWK17150CE,11-03-2022 10:46:00,42.15,44.75,41.9,43.55,23300,674100,2022-03-11
NIFTYWK17150CE,11-03-2022 10:47:00,43.4,43.4,40.75,42.95,17500,678500,2022-03-11
NIFTYWK17150CE,11-03-2022 10:48:00,42.8,43.4,41.75,41.8,6800,678500,2022-03-11
NIFTYWK17150CE,11-03-2022 10:49:00,42.15,42.75,41.45,42.15,8950,678500,2022-03-11
NIFTYWK17150CE,11-03-2022 10:50:00,42.05,43.25,40.7,43.25,9550,680800,2022-03-11
NIFTYWK17150CE,11-03-2022 10:51:00,43.1,43.4,42.0,43.1,5600,680800,2022-03-11
NIFTYWK17150CE,11-03-2022 10:52:00,43.2,43.35,40.35,40.85,9150,680800,2022-03-11
NIFTYWK17150CE,11-03-2022 10:53:00,40.3,40.85,38.9,39.5,21050,681200,2022-03-11
NIFTYWK17150CE,11-03-2022 10:54:00,39.95,40.7,39.4,40.3,7150,681200,2022-03-11
NIFTYWK17150CE,11-03-2022 10:55:00,40.45,41.55,39.15,41.55,12850,681200,2022-03-11
NIFTYWK17150CE,11-03-2022 10:56:00,41.5,44.35,41.25,44.2,22650,680000,2022-03-11
NIFTYWK17150CE,11-03-2022 10:57:00,44.25,45.9,43.0,43.95,32300,680000,2022-03-11
NIFTYWK17150CE,11-03-2022 10:58:00,44.3,46.65,44.3,46.2,25400,680000,2022-03-11
NIFTYWK17150CE,11-03-2022 10:59:00,46.5,47.05,45.15,46.25,18350,682700,2022-03-11
NIFTYWK17150CE,11-03-2022 11:00:00,46.45,48.5,46.45,48.0,25600,682700,2022-03-11
NIFTYWK17150CE,11-03-2022 11:01:00,47.95,47.95,44.7,45.0,16800,682700,2022-03-11
NIFTYWK17150CE,11-03-2022 11:02:00,45.25,46.0,43.5,44.6,20150,680100,2022-03-11
NIFTYWK17150CE,11-03-2022 11:03:00,45.1,45.3,44.25,44.5,5300,680100,2022-03-11
NIFTYWK17150CE,11-03-2022 11:04:00,44.55,45.9,44.5,44.9,4900,680100,2022-03-11
NIFTYWK17150CE,11-03-2022 11:05:00,45.05,45.25,42.25,42.25,16000,683550,2022-03-11
NIFTYWK17150CE,11-03-2022 11:06:00,42.0,42.75,41.4,41.6,18100,683550,2022-03-11
NIFTYWK17150CE,11-03-2022 11:07:00,41.45,42.15,40.25,41.2,15500,683550,2022-03-11
NIFTYWK17150CE,11-03-2022 11:08:00,41.45,44.9,41.2,44.9,11600,679900,2022-03-11
NIFTYWK17150CE,11-03-2022 11:09:00,45.0,46.75,45.0,46.75,24200,679900,2022-03-11
NIFTYWK17150CE,11-03-2022 11:10:00,46.85,47.8,45.7,45.9,22950,679900,2022-03-11
NIFTYWK17150CE,11-03-2022 11:11:00,45.4,46.1,44.85,45.75,9250,675850,2022-03-11
NIFTYWK17150CE,11-03-2022 11:12:00,45.7,46.0,43.6,45.3,8450,675850,2022-03-11
NIFTYWK17150CE,11-03-2022 11:13:00,45.25,45.3,43.85,44.0,3900,675850,2022-03-11
NIFTYWK17150CE,11-03-2022 11:14:00,43.85,45.3,43.75,43.75,5500,673950,2022-03-11
NIFTYWK17150CE,11-03-2022 11:15:00,43.8,45.95,42.0,45.95,13150,673950,2022-03-11
NIFTYWK17150CE,11-03-2022 11:16:00,45.85,46.05,44.25,44.9,4850,673950,2022-03-11
NIFTYWK17150CE,11-03-2022 11:17:00,44.0,45.55,44.0,45.35,5700,674800,2022-03-11
NIFTYWK17150CE,11-03-2022 11:18:00,45.0,45.45,44.0,44.2,4850,674800,2022-03-11
NIFTYWK17150CE,11-03-2022 11:19:00,44.2,44.35,42.3,42.75,10300,674800,2022-03-11
NIFTYWK17150CE,11-03-2022 11:20:00,43.1,44.05,40.9,41.1,17450,675000,2022-03-11
NIFTYWK17150CE,11-03-2022 11:21:00,41.25,44.8,41.25,44.55,12850,675000,2022-03-11
NIFTYWK17150CE,11-03-2022 11:22:00,45.05,45.3,43.65,44.0,6600,675000,2022-03-11
NIFTYWK17150CE,11-03-2022 11:23:00,43.3,44.4,42.55,44.3,6800,673700,2022-03-11
NIFTYWK17150CE,11-03-2022 11:24:00,44.3,44.35,43.3,43.85,5850,673700,2022-03-11
NIFTYWK17150CE,11-03-2022 11:25:00,44.2,44.6,43.85,44.2,6650,673700,2022-03-11
NIFTYWK17150CE,11-03-2022 11:26:00,44.5,45.0,43.75,44.5,10500,679900,2022-03-11
NIFTYWK17150CE,11-03-2022 11:27:00,44.5,45.65,44.2,45.4,4200,679900,2022-03-11
NIFTYWK17150CE,11-03-2022 11:28:00,45.45,46.7,45.45,45.6,12400,679900,2022-03-11
NIFTYWK17150CE,11-03-2022 11:29:00,45.6,46.45,44.95,45.75,13250,674400,2022-03-11
NIFTYWK17150CE,11-03-2022 11:30:00,45.75,45.75,43.65,44.9,11350,674400,2022-03-11
NIFTYWK17150CE,11-03-2022 11:31:00,44.9,46.9,44.55,46.7,13350,674400,2022-03-11
NIFTYWK17150CE,11-03-2022 11:32:00,46.75,48.7,46.75,47.85,23500,676700,2022-03-11
NIFTYWK17150CE,11-03-2022 11:33:00,48.0,48.65,47.4,48.15,13600,676700,2022-03-11
NIFTYWK17150CE,11-03-2022 11:34:00,48.5,48.75,47.6,48.1,7050,676700,2022-03-11
NIFTYWK17150CE,11-03-2022 11:35:00,48.2,48.3,47.0,47.6,5900,678450,2022-03-11
NIFTYWK17150CE,11-03-2022 11:36:00,47.55,48.0,46.65,47.55,7600,678450,2022-03-11
NIFTYWK17150CE,11-03-2022 11:37:00,47.85,49.35,47.5,49.35,8600,678450,2022-03-11
NIFTYWK17150CE,11-03-2022 11:38:00,49.2,50.5,48.9,50.05,24100,675500,2022-03-11
NIFTYWK17150CE,11-03-2022 11:39:00,49.85,50.85,49.75,50.65,13900,675500,2022-03-11
NIFTYWK17150CE,11-03-2022 11:40:00,50.25,50.7,48.75,49.95,25700,675500,2022-03-11
NIFTYWK17150CE,11-03-2022 11:41:00,50.0,50.15,49.1,49.7,5150,685150,2022-03-11
NIFTYWK17150CE,11-03-2022 11:42:00,50.0,50.0,48.0,48.0,9950,685150,2022-03-11
NIFTYWK17150CE,11-03-2022 11:43:00,47.9,49.15,47.5,47.85,12300,685150,2022-03-11
NIFTYWK17150CE,11-03-2022 11:44:00,47.9,48.65,47.8,48.4,6250,687650,2022-03-11
NIFTYWK17150CE,11-03-2022 11:45:00,48.7,49.4,48.6,48.7,3700,687650,2022-03-11
NIFTYWK17150CE,11-03-2022 11:46:00,48.7,50.45,48.7,50.0,14100,687650,2022-03-11
NIFTYWK17150CE,11-03-2022 11:47:00,49.7,50.1,49.15,49.35,3300,688300,2022-03-11
NIFTYWK17150CE,11-03-2022 11:48:00,49.5,49.9,48.65,49.6,8850,688300,2022-03-11
NIFTYWK17150CE,11-03-2022 11:49:00,49.85,50.3,49.3,49.55,19150,688300,2022-03-11
NIFTYWK17150CE,11-03-2022 11:50:00,49.55,49.6,48.5,48.5,7600,696100,2022-03-11
NIFTYWK17150CE,11-03-2022 11:51:00,48.65,48.75,46.5,47.9,14600,696100,2022-03-11
NIFTYWK17150CE,11-03-2022 11:52:00,47.9,48.0,46.6,47.1,10650,696100,2022-03-11
NIFTYWK17150CE,11-03-2022 11:53:00,47.15,48.05,45.25,45.25,8750,695650,2022-03-11
NIFTYWK17150CE,11-03-2022 11:54:00,45.3,46.0,44.0,45.5,6850,695650,2022-03-11
NIFTYWK17150CE,11-03-2022 11:55:00,45.5,46.65,44.55,46.4,9350,695650,2022-03-11
NIFTYWK17150CE,11-03-2022 11:56:00,46.4,46.4,44.75,45.15,8350,699750,2022-03-11
NIFTYWK17150CE,11-03-2022 11:57:00,45.15,45.3,42.15,43.4,27900,699750,2022-03-11
NIFTYWK17150CE,11-03-2022 11:58:00,43.75,44.1,42.85,43.8,8300,699750,2022-03-11
NIFTYWK17150CE,11-03-2022 11:59:00,43.75,45.5,43.75,45.05,6650,688650,2022-03-11
NIFTYWK17150CE,11-03-2022 12:00:00,45.55,46.45,43.1,43.6,10300,688650,2022-03-11
NIFTYWK17150CE,11-03-2022 12:01:00,43.3,43.4,41.85,42.1,15000,688650,2022-03-11
NIFTYWK17150CE,11-03-2022 12:02:00,42.0,43.9,41.9,43.3,6450,691750,2022-03-11
NIFTYWK17150CE,11-03-2022 12:03:00,43.6,44.1,42.9,43.2,1800,691750,2022-03-11
NIFTYWK17150CE,11-03-2022 12:04:00,43.65,44.3,42.8,42.95,6000,691750,2022-03-11
NIFTYWK17150CE,11-03-2022 12:05:00,43.3,44.1,41.4,43.4,16000,694800,2022-03-11
NIFTYWK17150CE,11-03-2022 12:06:00,43.5,43.5,41.55,42.05,7800,694800,2022-03-11
NIFTYWK17150CE,11-03-2022 12:07:00,41.9,43.9,41.9,43.9,4750,694800,2022-03-11
NIFTYWK17150CE,11-03-2022 12:08:00,43.85,45.85,42.8,44.5,12300,695550,2022-03-11
NIFTYWK17150CE,11-03-2022 12:09:00,44.9,45.95,44.7,44.9,6800,695550,2022-03-11
NIFTYWK17150CE,11-03-2022 12:10:00,44.9,46.4,44.7,46.4,5450,695550,2022-03-11
NIFTYWK17150CE,11-03-2022 12:11:00,46.65,47.25,46.35,46.75,8250,694200,2022-03-11
NIFTYWK17150CE,11-03-2022 12:12:00,46.75,47.0,46.0,46.1,9400,694200,2022-03-11
NIFTYWK17150CE,11-03-2022 12:13:00,46.25,46.45,45.85,45.95,4100,694200,2022-03-11
NIFTYWK17150CE,11-03-2022 12:14:00,45.95,46.2,45.0,45.1,4200,695500,2022-03-11
NIFTYWK17150CE,11-03-2022 12:15:00,45.0,46.9,45.0,45.5,6250,695500,2022-03-11
NIFTYWK17150CE,11-03-2022 12:16:00,45.85,45.85,43.05,44.1,26250,695500,2022-03-11
NIFTYWK17150CE,11-03-2022 12:17:00,44.1,44.6,43.65,44.25,8950,705200,2022-03-11
NIFTYWK17150CE,11-03-2022 12:18:00,44.25,45.05,43.95,44.8,15950,705200,2022-03-11
NIFTYWK17150CE,11-03-2022 12:19:00,44.7,45.95,44.7,45.5,28700,705200,2022-03-11
NIFTYWK17150CE,11-03-2022 12:20:00,45.6,46.35,45.5,45.7,13300,709500,2022-03-11
NIFTYWK17150CE,11-03-2022 12:21:00,45.65,47.2,45.65,47.2,13350,709500,2022-03-11
NIFTYWK17150CE,11-03-2022 12:22:00,47.3,48.2,47.3,47.55,12400,709500,2022-03-11
NIFTYWK17150CE,11-03-2022 12:23:00,47.75,47.8,46.8,47.15,7950,713850,2022-03-11
NIFTYWK17150CE,11-03-2022 12:24:00,47.25,47.3,46.6,46.95,4100,713850,2022-03-11
NIFTYWK17150CE,11-03-2022 12:25:00,46.95,47.5,46.4,46.75,7950,713850,2022-03-11
NIFTYWK17150CE,11-03-2022 12:26:00,46.6,46.8,44.8,45.3,10700,718500,2022-03-11
NIFTYWK17150CE,11-03-2022 12:27:00,45.05,45.35,43.25,45.35,11100,718500,2022-03-11
NIFTYWK17150CE,11-03-2022 12:28:00,45.7,46.4,45.0,45.0,4200,718500,2022-03-11
NIFTYWK17150CE,11-03-2022 12:29:00,44.4,45.0,42.0,42.0,8450,716600,2022-03-11
NIFTYWK17150CE,11-03-2022 12:30:00,42.75,44.7,42.5,44.3,9200,716600,2022-03-11
NIFTYWK17150CE,11-03-2022 12:31:00,44.2,46.25,44.2,45.95,5950,716600,2022-03-11
NIFTYWK17150CE,11-03-2022 12:32:00,45.95,46.35,44.6,44.6,5800,716600,2022-03-11
NIFTYWK17150CE,11-03-2022 12:33:00,44.6,46.0,44.6,46.0,5300,715800,2022-03-11
NIFTYWK17150CE,11-03-2022 12:34:00,46.0,46.8,45.95,46.7,7100,715800,2022-03-11
NIFTYWK17150CE,11-03-2022 12:35:00,46.8,48.45,46.75,48.0,17650,715800,2022-03-11
NIFTYWK17150CE,11-03-2022 12:36:00,48.35,48.35,47.2,47.7,15300,712200,2022-03-11
NIFTYWK17150CE,11-03-2022 12:37:00,47.9,49.45,47.8,49.0,15750,712200,2022-03-11
NIFTYWK17150CE,11-03-2022 12:38:00,48.85,49.45,48.5,49.05,16900,712200,2022-03-11
NIFTYWK17150CE,11-03-2022 12:39:00,49.05,49.15,47.4,48.85,16300,715250,2022-03-11
NIFTYWK17150CE,11-03-2022 12:40:00,48.75,48.75,47.0,47.2,10450,715250,2022-03-11
NIFTYWK17150CE,11-03-2022 12:41:00,47.4,48.45,44.15,46.15,21700,715250,2022-03-11
NIFTYWK17150CE,11-03-2022 12:42:00,46.15,47.35,45.85,47.0,9700,714100,2022-03-11
NIFTYWK17150CE,11-03-2022 12:43:00,47.0,47.45,46.1,46.1,8100,714100,2022-03-11
NIFTYWK17150CE,11-03-2022 12:44:00,45.75,46.1,45.0,45.95,7600,714100,2022-03-11
NIFTYWK17150CE,11-03-2022 12:45:00,45.85,47.0,45.35,45.35,7850,715600,2022-03-11
NIFTYWK17150CE,11-03-2022 12:46:00,44.85,46.95,44.85,46.0,6200,715600,2022-03-11
NIFTYWK17150CE,11-03-2022 12:47:00,46.1,46.25,44.7,45.55,6700,715600,2022-03-11
NIFTYWK17150CE,11-03-2022 12:48:00,45.8,47.7,45.7,47.1,13500,715350,2022-03-11
NIFTYWK17150CE,11-03-2022 12:49:00,47.8,47.8,45.55,45.65,4100,715350,2022-03-11
NIFTYWK17150CE,11-03-2022 12:50:00,45.55,46.45,45.55,46.25,1900,715350,2022-03-11
NIFTYWK17150CE,11-03-2022 12:51:00,45.5,45.65,44.7,44.7,10100,717550,2022-03-11
NIFTYWK17150CE,11-03-2022 12:52:00,44.6,45.1,43.45,43.45,11050,717550,2022-03-11
NIFTYWK17150CE,11-03-2022 12:53:00,43.15,44.5,40.9,40.9,30600,717550,2022-03-11
NIFTYWK17150CE,11-03-2022 12:54:00,40.6,44.2,40.6,43.0,31200,718150,2022-03-11
NIFTYWK17150CE,11-03-2022 12:55:00,42.7,43.0,41.15,42.55,15550,718150,2022-03-11
NIFTYWK17150CE,11-03-2022 12:56:00,42.65,44.6,42.5,44.05,15050,718150,2022-03-11
NIFTYWK17150CE,11-03-2022 12:57:00,44.05,44.3,43.0,43.0,7050,718750,2022-03-11
NIFTYWK17150CE,11-03-2022 12:58:00,43.0,44.5,43.0,44.0,8500,718750,2022-03-11
NIFTYWK17150CE,11-03-2022 12:59:00,44.0,44.3,43.55,43.8,2850,718750,2022-03-11
NIFTYWK17150CE,11-03-2022 13:00:00,43.9,43.9,42.2,42.8,10850,722250,2022-03-11
NIFTYWK17150CE,11-03-2022 13:01:00,42.8,43.8,42.65,43.8,6650,722250,2022-03-11
NIFTYWK17150CE,11-03-2022 13:02:00,43.8,44.3,43.05,43.6,8600,722250,2022-03-11
NIFTYWK17150CE,11-03-2022 13:03:00,44.0,44.7,43.7,44.0,7750,715600,2022-03-11
NIFTYWK17150CE,11-03-2022 13:04:00,44.0,44.3,43.4,43.4,2950,715600,2022-03-11
NIFTYWK17150CE,11-03-2022 13:05:00,42.9,44.1,42.25,43.3,6800,715600,2022-03-11
NIFTYWK17150CE,11-03-2022 13:06:00,43.0,43.4,41.8,42.85,11300,717350,2022-03-11
NIFTYWK17150CE,11-03-2022 13:07:00,42.85,42.85,40.35,41.2,18450,717350,2022-03-11
NIFTYWK17150CE,11-03-2022 13:08:00,41.5,41.5,39.75,40.6,13050,717350,2022-03-11
NIFTYWK17150CE,11-03-2022 13:09:00,40.6,40.6,38.1,38.1,20850,717150,2022-03-11
NIFTYWK17150CE,11-03-2022 13:10:00,37.95,40.2,37.9,39.75,21050,717150,2022-03-11
NIFTYWK17150CE,11-03-2022 13:11:00,40.0,42.15,39.7,42.15,18250,717150,2022-03-11
NIFTYWK17150CE,11-03-2022 13:12:00,42.3,42.3,40.7,41.7,15250,717950,2022-03-11
NIFTYWK17150CE,11-03-2022 13:13:00,41.5,42.0,39.4,39.45,9950,717950,2022-03-11
NIFTYWK17150CE,11-03-2022 13:14:00,39.45,40.75,39.15,39.35,4600,717950,2022-03-11
NIFTYWK17150CE,11-03-2022 13:15:00,39.1,41.15,38.4,41.15,8950,722300,2022-03-11
NIFTYWK17150CE,11-03-2022 13:16:00,41.0,41.9,40.6,40.85,3950,722300,2022-03-11
NIFTYWK17150CE,11-03-2022 13:17:00,41.0,41.0,39.25,40.35,3250,722300,2022-03-11
NIFTYWK17150CE,11-03-2022 13:18:00,40.35,41.5,40.0,40.25,7200,722750,2022-03-11
NIFTYWK17150CE,11-03-2022 13:19:00,40.2,41.55,40.2,41.05,7750,722750,2022-03-11
NIFTYWK17150CE,11-03-2022 13:20:00,41.3,41.75,40.2,41.25,5350,722750,2022-03-11
NIFTYWK17150CE,11-03-2022 13:21:00,41.0,41.8,40.45,41.3,15150,712600,2022-03-11
NIFTYWK17150CE,11-03-2022 13:22:00,41.2,41.75,40.6,41.45,10000,712600,2022-03-11
NIFTYWK17150CE,11-03-2022 13:23:00,41.5,42.2,41.3,41.6,9250,712600,2022-03-11
NIFTYWK17150CE,11-03-2022 13:24:00,41.6,42.2,40.9,41.1,5950,712200,2022-03-11
NIFTYWK17150CE,11-03-2022 13:25:00,41.1,41.55,40.0,40.35,8450,712200,2022-03-11
NIFTYWK17150CE,11-03-2022 13:26:00,40.6,41.5,40.0,41.2,7550,712200,2022-03-11
NIFTYWK17150CE,11-03-2022 13:27:00,40.9,40.9,39.6,40.15,2800,708100,2022-03-11
NIFTYWK17150CE,11-03-2022 13:28:00,39.95,40.4,39.0,39.5,9800,708100,2022-03-11
NIFTYWK17150CE,11-03-2022 13:29:00,39.8,44.5,39.8,44.5,26500,708100,2022-03-11
NIFTYWK17150CE,11-03-2022 13:30:00,44.5,45.4,42.95,44.3,39450,702400,2022-03-11
NIFTYWK17150CE,11-03-2022 13:31:00,44.15,44.4,42.25,43.2,12750,702400,2022-03-11
NIFTYWK17150CE,11-03-2022 13:32:00,42.85,43.9,42.65,42.95,11050,702400,2022-03-11
NIFTYWK17150CE,11-03-2022 13:33:00,43.05,44.8,42.95,43.6,26750,700000,2022-03-11
NIFTYWK17150CE,11-03-2022 13:34:00,43.05,44.25,41.05,41.3,13950,700000,2022-03-11
NIFTYWK17150CE,11-03-2022 13:35:00,41.15,41.7,39.1,41.25,28250,700000,2022-03-11
NIFTYWK17150CE,11-03-2022 13:36:00,41.25,42.55,41.0,41.95,5900,715450,2022-03-11
NIFTYWK17150CE,11-03-2022 13:37:00,42.2,42.3,39.9,41.0,20550,715450,2022-03-11
NIFTYWK17150CE,11-03-2022 13:38:00,40.55,41.55,39.65,40.15,23150,715450,2022-03-11
NIFTYWK17150CE,11-03-2022 13:39:00,39.8,40.8,39.7,40.35,11650,718200,2022-03-11
NIFTYWK17150CE,11-03-2022 13:40:00,40.0,41.4,39.2,41.4,8450,718200,2022-03-11
NIFTYWK17150CE,11-03-2022 13:41:00,41.0,42.0,40.85,41.4,20000,718200,2022-03-11
NIFTYWK17150CE,11-03-2022 13:42:00,41.0,41.7,40.35,40.8,6950,702850,2022-03-11
NIFTYWK17150CE,11-03-2022 13:43:00,40.65,41.5,40.65,41.05,4400,702850,2022-03-11
NIFTYWK17150CE,11-03-2022 13:44:00,40.2,40.9,39.6,39.75,7350,702850,2022-03-11
NIFTYWK17150CE,11-03-2022 13:45:00,39.6,40.5,38.55,40.5,13650,706850,2022-03-11
NIFTYWK17150CE,11-03-2022 13:46:00,40.6,40.85,39.5,39.75,9650,706850,2022-03-11
NIFTYWK17150CE,11-03-2022 13:47:00,39.7,40.0,39.15,39.65,4850,706850,2022-03-11
NIFTYWK17150CE,11-03-2022 13:48:00,39.65,39.65,37.75,39.55,16150,708200,2022-03-11
NIFTYWK17150CE,11-03-2022 13:49:00,39.55,39.8,38.4,38.8,9450,708200,2022-03-11
NIFTYWK17150CE,11-03-2022 13:50:00,38.65,40.3,38.0,39.95,9000,708200,2022-03-11
NIFTYWK17150CE,11-03-2022 13:51:00,39.95,40.9,39.7,40.75,13550,705900,2022-03-11
NIFTYWK17150CE,11-03-2022 13:52:00,40.75,40.75,39.25,40.35,12300,705900,2022-03-11
NIFTYWK17150CE,11-03-2022 13:53:00,39.9,40.45,39.65,39.85,4800,705900,2022-03-11
NIFTYWK17150CE,11-03-2022 13:54:00,40.1,40.65,39.4,40.65,7550,705700,2022-03-11
NIFTYWK17150CE,11-03-2022 13:55:00,40.45,42.8,40.4,41.75,22700,705700,2022-03-11
NIFTYWK17150CE,11-03-2022 13:56:00,41.95,42.85,41.5,42.55,11050,705700,2022-03-11
NIFTYWK17150CE,11-03-2022 13:57:00,42.3,42.5,41.1,41.2,6050,703100,2022-03-11
NIFTYWK17150CE,11-03-2022 13:58:00,41.2,41.95,40.5,40.9,7400,703100,2022-03-11
NIFTYWK17150CE,11-03-2022 13:59:00,40.9,41.6,40.4,40.7,6450,703100,2022-03-11
NIFTYWK17150CE,11-03-2022 14:00:00,40.7,40.9,39.0,39.0,10000,704950,2022-03-11
NIFTYWK17150CE,11-03-2022 14:01:00,39.0,41.0,39.0,41.0,8200,704950,2022-03-11
NIFTYWK17150CE,11-03-2022 14:02:00,40.7,41.0,39.35,39.45,4900,704950,2022-03-11
NIFTYWK17150CE,11-03-2022 14:03:00,39.4,40.0,39.0,39.3,2150,701400,2022-03-11
NIFTYWK17150CE,11-03-2022 14:04:00,39.3,39.45,38.25,38.8,9950,701400,2022-03-11
NIFTYWK17150CE,11-03-2022 14:05:00,38.6,39.65,38.0,38.2,8000,701400,2022-03-11
NIFTYWK17150CE,11-03-2022 14:06:00,38.2,39.8,38.2,39.0,4850,701800,2022-03-11
NIFTYWK17150CE,11-03-2022 14:07:00,38.8,39.9,38.8,39.55,1900,701800,2022-03-11
NIFTYWK17150CE,11-03-2022 14:08:00,39.45,40.0,39.0,39.5,3700,701800,2022-03-11
NIFTYWK17150CE,11-03-2022 14:09:00,39.5,40.4,39.5,39.95,6800,702600,2022-03-11
NIFTYWK17150CE,11-03-2022 14:10:00,39.6,41.2,39.6,40.5,13350,702600,2022-03-11
NIFTYWK17150CE,11-03-2022 14:11:00,40.65,41.5,40.15,40.9,10500,702600,2022-03-11
NIFTYWK17150CE,11-03-2022 14:12:00,40.8,42.2,40.7,42.2,16000,696900,2022-03-11
NIFTYWK17150CE,11-03-2022 14:13:00,42.2,42.85,41.5,41.85,14400,696900,2022-03-11
NIFTYWK17150CE,11-03-2022 14:14:00,41.95,42.3,41.0,41.2,5300,696900,2022-03-11
NIFTYWK17150CE,11-03-2022 14:15:00,41.15,43.3,41.15,42.95,11400,692300,2022-03-11
NIFTYWK17150CE,11-03-2022 14:16:00,42.9,43.1,42.4,42.8,8150,692300,2022-03-11
NIFTYWK17150CE,11-03-2022 14:17:00,42.7,43.2,41.35,42.85,12850,692300,2022-03-11
NIFTYWK17150CE,11-03-2022 14:18:00,43.2,43.2,42.0,42.9,7050,692500,2022-03-11
NIFTYWK17150CE,11-03-2022 14:19:00,42.55,42.55,41.35,41.4,13200,692500,2022-03-11
NIFTYWK17150CE,11-03-2022 14:20:00,42.25,42.45,41.6,41.8,6350,692500,2022-03-11
NIFTYWK17150CE,11-03-2022 14:21:00,42.2,42.85,42.1,42.1,7150,698650,2022-03-11
NIFTYWK17150CE,11-03-2022 14:22:00,42.6,43.7,42.4,43.3,19500,698650,2022-03-11
NIFTYWK17150CE,11-03-2022 14:23:00,43.5,43.7,42.6,43.55,19500,698650,2022-03-11
NIFTYWK17150CE,11-03-2022 14:24:00,43.6,43.6,42.0,42.8,17700,702050,2022-03-11
NIFTYWK17150CE,11-03-2022 14:25:00,42.8,42.95,41.05,41.7,17250,702050,2022-03-11
NIFTYWK17150CE,11-03-2022 14:26:00,41.85,42.3,41.45,41.45,7900,702050,2022-03-11
NIFTYWK17150CE,11-03-2022 14:27:00,41.35,41.35,39.2,40.4,20250,708250,2022-03-11
NIFTYWK17150CE,11-03-2022 14:28:00,40.3,40.5,38.6,38.7,9550,708250,2022-03-11
NIFTYWK17150CE,11-03-2022 14:29:00,38.65,39.7,38.1,38.8,12900,708250,2022-03-11
NIFTYWK17150CE,11-03-2022 14:30:00,38.65,39.15,36.0,38.0,28550,708500,2022-03-11
NIFTYWK17150CE,11-03-2022 14:31:00,38.35,38.4,36.5,37.9,11100,708500,2022-03-11
NIFTYWK17150CE,11-03-2022 14:32:00,37.5,38.55,37.5,37.95,9300,708500,2022-03-11
NIFTYWK17150CE,11-03-2022 14:33:00,37.85,38.25,36.85,38.0,10000,707600,2022-03-11
NIFTYWK17150CE,11-03-2022 14:34:00,38.2,39.5,38.15,39.4,12950,707600,2022-03-11
NIFTYWK17150CE,11-03-2022 14:35:00,39.25,40.9,39.25,40.7,28450,707600,2022-03-11
NIFTYWK17150CE,11-03-2022 14:36:00,40.85,41.05,39.3,40.45,25350,717200,2022-03-11
NIFTYWK17150CE,11-03-2022 14:37:00,40.45,40.7,39.5,40.2,5050,717200,2022-03-11
NIFTYWK17150CE,11-03-2022 14:38:00,40.4,41.1,40.2,40.45,11050,717200,2022-03-11
NIFTYWK17150CE,11-03-2022 14:39:00,40.15,40.6,39.35,39.8,8350,716500,2022-03-11
NIFTYWK17150CE,11-03-2022 14:40:00,39.5,39.5,38.0,38.0,20250,716500,2022-03-11
NIFTYWK17150CE,11-03-2022 14:41:00,38.15,39.1,37.4,39.0,8000,716500,2022-03-11
NIFTYWK17150CE,11-03-2022 14:42:00,39.3,40.4,39.3,40.3,11150,704700,2022-03-11
NIFTYWK17150CE,11-03-2022 14:43:00,40.2,41.35,40.2,40.95,20150,704700,2022-03-11
NIFTYWK17150CE,11-03-2022 14:44:00,41.35,42.65,41.15,41.85,19500,704700,2022-03-11
NIFTYWK17150CE,11-03-2022 14:45:00,41.75,43.2,41.75,43.05,28050,702150,2022-03-11
NIFTYWK17150CE,11-03-2022 14:46:00,43.2,43.5,41.2,41.8,19100,702150,2022-03-11
NIFTYWK17150CE,11-03-2022 14:47:00,41.8,42.35,41.0,41.0,11550,702150,2022-03-11
NIFTYWK17150CE,11-03-2022 14:48:00,41.45,41.45,39.8,39.85,20550,698900,2022-03-11
NIFTYWK17150CE,11-03-2022 14:49:00,39.9,40.6,38.65,40.5,15900,698900,2022-03-11
NIFTYWK17150CE,11-03-2022 14:50:00,40.45,42.15,40.45,41.1,11700,698900,2022-03-11
NIFTYWK17150CE,11-03-2022 14:51:00,40.85,41.65,39.75,41.5,11250,699100,2022-03-11
NIFTYWK17150CE,11-03-2022 14:52:00,41.6,41.65,40.3,40.9,5350,699100,2022-03-11
NIFTYWK17150CE,11-03-2022 14:53:00,41.4,41.55,40.25,41.35,7950,699100,2022-03-11
NIFTYWK17150CE,11-03-2022 14:54:00,41.5,41.6,40.45,40.8,5750,696950,2022-03-11
NIFTYWK17150CE,11-03-2022 14:55:00,40.75,42.35,40.5,42.05,17450,696950,2022-03-11
NIFTYWK17150CE,11-03-2022 14:56:00,42.25,43.0,42.25,42.35,14200,696950,2022-03-11
NIFTYWK17150CE,11-03-2022 14:57:00,42.1,43.0,41.7,42.55,10850,697550,2022-03-11
NIFTYWK17150CE,11-03-2022 14:58:00,42.7,42.7,41.45,42.25,8950,697550,2022-03-11
NIFTYWK17150CE,11-03-2022 14:59:00,42.25,42.6,38.85,39.55,21200,697550,2022-03-11
NIFTYWK17150CE,11-03-2022 15:00:00,39.55,41.5,37.6,38.0,30950,698150,2022-03-11
NIFTYWK17150CE,11-03-2022 15:01:00,38.25,40.0,38.25,40.0,18150,698150,2022-03-11
NIFTYWK17150CE,11-03-2022 15:02:00,40.05,40.75,39.6,40.05,17050,698150,2022-03-11
NIFTYWK17150CE,11-03-2022 15:03:00,40.25,41.25,39.85,40.25,18250,685050,2022-03-11
NIFTYWK17150CE,11-03-2022 15:04:00,40.3,43.0,40.3,42.95,25100,685050,2022-03-11
NIFTYWK17150CE,11-03-2022 15:05:00,42.85,43.15,41.3,41.85,28150,685050,2022-03-11
NIFTYWK17150CE,11-03-2022 15:06:00,42.05,42.25,40.7,40.95,15950,671450,2022-03-11
NIFTYWK17150CE,11-03-2022 15:07:00,40.85,41.85,40.0,41.4,10400,671450,2022-03-11
NIFTYWK17150CE,11-03-2022 15:08:00,41.4,41.8,40.6,40.9,10150,671450,2022-03-11
NIFTYWK17150CE,11-03-2022 15:09:00,40.9,41.45,40.5,40.95,6650,662500,2022-03-11
NIFTYWK17150CE,11-03-2022 15:10:00,41.1,41.65,40.25,40.9,15100,662500,2022-03-11
NIFTYWK17150CE,11-03-2022 15:11:00,40.85,41.5,40.5,40.5,9700,662500,2022-03-11
NIFTYWK17150CE,11-03-2022 15:12:00,40.0,40.2,38.7,39.3,23100,661050,2022-03-11
NIFTYWK17150CE,11-03-2022 15:13:00,39.15,39.9,39.0,39.6,7600,661050,2022-03-11
NIFTYWK17150CE,11-03-2022 15:14:00,39.6,41.05,39.5,40.9,145050,661050,2022-03-11
NIFTYWK17150CE,11-03-2022 15:15:00,40.9,42.35,40.1,41.9,148800,627000,2022-03-11
NIFTYWK17150CE,11-03-2022 15:16:00,42.2,42.35,41.4,42.1,17950,627000,2022-03-11
NIFTYWK17150CE,11-03-2022 15:17:00,42.1,42.4,41.45,42.0,23500,627000,2022-03-11
NIFTYWK17150CE,11-03-2022 15:18:00,42.1,42.25,41.3,41.35,16550,616900,2022-03-11
NIFTYWK17150CE,11-03-2022 15:19:00,41.4,41.6,41.0,41.3,7650,616900,2022-03-11
NIFTYWK17150CE,11-03-2022 15:20:00,41.15,41.5,40.7,41.35,12200,616900,2022-03-11
NIFTYWK17150CE,11-03-2022 15:21:00,41.3,41.3,40.4,40.6,19700,614250,2022-03-11
NIFTYWK17150CE,11-03-2022 15:22:00,40.45,40.7,40.0,40.4,19650,614250,2022-03-11
NIFTYWK17150CE,11-03-2022 15:23:00,40.4,41.4,40.35,41.1,29550,614250,2022-03-11
NIFTYWK17150CE,11-03-2022 15:24:00,41.1,41.4,40.9,40.9,37900,596900,2022-03-11
NIFTYWK17150CE,11-03-2022 15:25:00,40.9,41.5,40.85,41.2,31450,596900,2022-03-11
NIFTYWK17150CE,11-03-2022 15:26:00,41.35,42.55,41.35,42.4,29650,596900,2022-03-11
NIFTYWK17150CE,11-03-2022 15:27:00,42.4,42.8,42.0,42.15,21850,594700,2022-03-11
NIFTYWK17150CE,11-03-2022 15:28:00,42.35,42.35,41.7,42.1,14400,594700,2022-03-11
NIFTYWK17150CE,11-03-2022 15:29:00,42.1,43.0,41.05,41.05,30750,594700,2022-03-11
